[
    {
        "name": "Certainly Here s",
        "trans": [
            "当然在这里"
        ],
        "usphone": "Unknown",
        "ukphone": ""
    },
    {
        "name": "a beautiful description",
        "trans": [
            "一个美丽的描述"
        ],
        "usphone": "Unknown",
        "ukphone": ""
    },
    {
        "name": "in English The",
        "trans": [
            "用英语"
        ],
        "usphone": "Unknown",
        "ukphone": ""
    },
    {
        "name": "sun gently dipped",
        "trans": [
            "阳光轻轻蘸"
        ],
        "usphone": "Unknown",
        "ukphone": ""
    },
    {
        "name": "below the horizon",
        "trans": [
            "在地平线下方"
        ],
        "usphone": "Unknown",
        "ukphone": ""
    },
    {
        "name": "casting a warm",
        "trans": [
            "施放温暖"
        ],
        "usphone": "Unknown",
        "ukphone": ""
    },
    {
        "name": "glow across the",
        "trans": [
            "闪闪发光"
        ],
        "usphone": "Unknown",
        "ukphone": ""
    },
    {
        "name": "landscape Soft hues",
        "trans": [
            "风景软色调"
        ],
        "usphone": "Unknown",
        "ukphone": ""
    },
    {
        "name": "of orange pink",
        "trans": [
            "橙色粉红色"
        ],
        "usphone": "Unknown",
        "ukphone": ""
    },
    {
        "name": "and gold painted",
        "trans": [
            "和金色的金色"
        ],
        "usphone": "Unknown",
        "ukphone": ""
    },
    {
        "name": "the sky creating",
        "trans": [
            "天空创造"
        ],
        "usphone": "Unknown",
        "ukphone": ""
    },
    {
        "name": "a breathtaking tapestry",
        "trans": [
            "令人叹为观止的挂毯"
        ],
        "usphone": "Unknown",
        "ukphone": ""
    },
    {
        "name": "of colors that",
        "trans": [
            "颜色"
        ],
        "usphone": "Unknown",
        "ukphone": ""
    },
    {
        "name": "seemed to stretch",
        "trans": [
            "似乎伸展了"
        ],
        "usphone": "Unknown",
        "ukphone": ""
    },
    {
        "name": "endlessly Wisps of",
        "trans": [
            "无休止的"
        ],
        "usphone": "Unknown",
        "ukphone": ""
    },
    {
        "name": "clouds drifted lazily",
        "trans": [
            "云懒洋洋地漂流"
        ],
        "usphone": "Unknown",
        "ukphone": ""
    },
    {
        "name": "catching the last",
        "trans": [
            "抓住最后一个"
        ],
        "usphone": "Unknown",
        "ukphone": ""
    },
    {
        "name": "rays of sunlight",
        "trans": [
            "阳光射线"
        ],
        "usphone": "Unknown",
        "ukphone": ""
    },
    {
        "name": "as they danced",
        "trans": [
            "他们跳舞"
        ],
        "usphone": "Unknown",
        "ukphone": ""
    },
    {
        "name": "across the heavens",
        "trans": [
            "跨天堂"
        ],
        "usphone": "Unknown",
        "ukphone": ""
    }
]
